<?xml version="1.0" ?>
<salesresults>
   <salesrep>
      <employeeid>12345</employeeid>
      <contactinfo>
         <firstname>Brenda</firstname>
         <lastname>Smith</lastname>
         <email>brendas@giantco.com</email>
         <phone>312-555-9923</phone>
         <fax>312-555-9901</fax>
      </contactinfo>
      <manager>
         <employeeid>02934</employeeid>
         <firstname>Alistair</firstname>
         <lastname>Renfield</lastname>
      </manager>
      <region>Central</region>
      <salesrecord>
         <period>
            <id>Q1_2000</id>
            <forecast>300000</forecast>
            <actual>316050</actual>
         </period>
         <period>
            <id>Q2_2000</id>
            <forecast>280000</forecast>
            <actual>285922</actual>
         </period>
         <period>
            <id>Q3_2000</id>
            <forecast>423000</forecast>
            <actual>432930</actual>
         </period>
         <period>
            <id>Q4_2000</id>
            <forecast>390000</forecast>
            <actual>399200</actual>
         </period>
      </salesrecord>
   </salesrep>
   <salesrep>
      <employeeid>84763</employeeid>
      <contactinfo>
         <firstname>Jonathan</firstname>
         <lastname>Ames</lastname>
         <email>johna@giantco.com</email>
         <phone>312-555-9911</phone>
         <fax>312-555-9901</fax>
      </contactinfo>
      <manager>
         <employeeid>02934</employeeid>
         <firstname>Alistair</firstname>
         <lastname>Renfield</lastname>
      </manager>
      <region>Central</region>
      <salesrecord>
         <period>
            <id>Q1_2000</id>
            <forecast>270000</forecast>
            <actual>256050</actual>
         </period>
         <period>
            <id>Q2_2000</id>
            <forecast>290000</forecast>
            <actual>295922</actual>
         </period>
         <period>
            <id>Q3_2000</id>
            <forecast>305000</forecast>
            <actual>304030</actual>
         </period>
         <period>
            <id>Q4_2000</id>
            <forecast>375000</forecast>
            <actual>382300</actual>
         </period>
      </salesrecord>
   </salesrep>
   <salesrep>
      <employeeid>19287</employeeid>
      <contactinfo>
         <firstname>Stephen</firstname>
         <lastname>Borneo</lastname>
         <email>stephenb@giantco.com</email>
         <phone>212-555-3002</phone>
         <fax>212-555-3199</fax>
      </contactinfo>
      <manager>
         <employeeid>09376</employeeid>
         <firstname>Susan</firstname>
         <lastname>Hollyfield</lastname>
      </manager>
      <region>East</region>
      <salesrecord>
         <period>
            <id>Q1_2000</id>
            <forecast>255000</forecast>
            <actual>276050</actual>
         </period>
         <period>
            <id>Q2_2000</id>
            <forecast>270000</forecast>
            <actual>225922</actual>
         </period>
         <period>
            <id>Q3_2000</id>
            <forecast>305000</forecast>
            <actual>314030</actual>
         </period>
         <period>
            <id>Q4_2000</id>
            <forecast>335000</forecast>
            <actual>354600</actual>
         </period>
      </salesrecord>
   </salesrep>
   <salesrep>
      <employeeid>16243</employeeid>
      <contactinfo>
         <firstname>Michael</firstname>
         <lastname>McCartny</lastname>
         <email>michaelm3@giantco.com</email>
         <phone>212-555-3011</phone>
         <fax>212-555-3199</fax>
      </contactinfo>
      <manager>
         <employeeid>09376</employeeid>
         <firstname>Susan</firstname>
         <lastname>Hollyfield</lastname>
      </manager>
      <region>East</region>
      <salesrecord>
         <period>
            <id>Q1_2000</id>
            <forecast>285000</forecast>
            <actual>295800</actual>
         </period>
         <period>
            <id>Q2_2000</id>
            <forecast>265000</forecast>
            <actual>298700</actual>
         </period>
         <period>
            <id>Q3_2000</id>
            <forecast>315000</forecast>
            <actual>334030</actual>
         </period>
         <period>
            <id>Q4_2000</id>
            <forecast>325000</forecast>
            <actual>348500</actual>
         </period>
      </salesrecord>
   </salesrep>
   <salesrep>
      <employeeid>23827</employeeid>
      <contactinfo>
         <firstname>Laura</firstname>
         <lastname>Almerson</lastname>
         <email>laurae@giantco.com</email>
         <phone>213-555-7722</phone>
         <fax>213-555-7799</fax>
      </contactinfo>
      <manager>
         <employeeid>03992</employeeid>
         <firstname>Moondog</firstname>
         <lastname>Fitzgerald</lastname>
      </manager>
      <region>West</region>
      <salesrecord>
         <period>
            <id>Q1_2000</id>
            <forecast>145000</forecast>
            <actual>155090</actual>
         </period>
         <period>
            <id>Q2_2000</id>
            <forecast>170000</forecast>
            <actual>189000</actual>
         </period>
         <period>
            <id>Q3_2000</id>
            <forecast>205000</forecast>
            <actual>255030</actual>
         </period>
         <period>
            <id>Q4_2000</id>
            <forecast>275000</forecast>
            <actual>268600</actual>
         </period>
      </salesrecord>
   </salesrep>
   <salesrep>
      <employeeid>08293</employeeid>
      <contactinfo>
         <firstname>Esmerelda</firstname>
         <lastname>Hernandez</lastname>
         <email>esmereldah@giantco.com</email>
         <phone>213-555-7714</phone>
         <fax>213-555-7799</fax>
      </contactinfo>
      <manager>
         <employeeid>03992</employeeid>
         <firstname>Moondog</firstname>
         <lastname>Fitzgerald</lastname>
      </manager>
      <region>West</region>
      <salesrecord>
         <period>
            <id>Q1_2000</id>
            <forecast>209000</forecast>
            <actual>210920</actual>
         </period>
         <period>
            <id>Q2_2000</id>
            <forecast>195000</forecast>
            <actual>199200</actual>
         </period>
         <period>
            <id>Q3_2000</id>
            <forecast>205000</forecast>
            <actual>235030</actual>
         </period>
         <period>
            <id>Q4_2000</id>
            <forecast>255000</forecast>
            <actual>263700</actual>
         </period>
      </salesrecord>
   </salesrep>
   <salesrep>
      <employeeid>23827</employeeid>
      <contactinfo>
         <firstname>Russell</firstname>
         <lastname>Kim</lastname>
         <email>russelk@giantco.com</email>
         <phone>213-555-7711</phone>
         <fax>213-555-7799</fax>
      </contactinfo>
      <manager>
         <employeeid>03992</employeeid>
         <firstname>Moondog</firstname>
         <lastname>Fitzgerald</lastname>
      </manager>
      <region>West</region>
      <salesrecord>
         <period>
            <id>Q1_2000</id>
            <forecast>245000</forecast>
            <actual>241090</actual>
         </period>
         <period>
            <id>Q2_2000</id>
            <forecast>245000</forecast>
            <actual>247800</actual>
         </period>
         <period>
            <id>Q3_2000</id>
            <forecast>266000</forecast>
            <actual>277030</actual>
         </period>
         <period>
            <id>Q4_2000</id>
            <forecast>255000</forecast>
            <actual>289000</actual>
         </period>
      </salesrecord>
   </salesrep>
</salesresults>
